{
    "results_before_imitation": {
        "rewards": [
            3.639752,
            3.639752,
            0.018634,
            1.540373,
            3.521739,
            3.521739,
            -0.503106,
            -0.42236,
            -0.42236,
            0.217391,
            1.335404,
            4.236025,
            4.236025,
            0.670807,
            1.757764,
            0.124224,
            2.695652,
            2.695652,
            -0.080745,
            0.962733,
            0.689441,
            1.937888,
            1.937888,
            1.832298,
            1.204969,
            -0.335404,
            -0.335404,
            1.118012,
            2.602484,
            2.602484,
            1.987578,
            0.89441,
            0.89441,
            0.608696,
            0.559006,
            0.559006,
            0.832298,
            0.670807,
            -0.0,
            2.043478,
            2.043478,
            3.10559,
            0.614907,
            0.068323,
            0.068323,
            0.875776,
            1.236025,
            0.838509,
            0.621118,
            -0.813665,
            -0.813665,
            -0.062112,
            2.142857,
            3.857143,
            3.857143,
            0.490683,
            1.267081,
            1.267081,
            1.167702,
            0.714286,
            -0.31677,
            3.099379,
            3.099379,
            0.242236,
            3.118012,
            0.670807,
            0.670807,
            0.962733,
            1.57764,
            1.57764,
            0.944099,
            0.074534,
            -0.57764,
            3.0,
            3.0,
            0.254658,
            0.254658,
            0.310559,
            1.583851,
            2.857143,
            2.857143,
            0.298137,
            -0.018634,
            -0.956522,
            -0.956522,
            2.018634,
            0.515528,
            0.515528,
            1.291925,
            1.204969,
            -0.627329,
            -0.173913,
            0.024845,
            0.024845,
            0.987578,
            -0.950311,
            -0.099379,
            -0.099379,
            0.931677,
            -0.354037
        ],
        "ep_lens": [
            2803,
            2803,
            3318,
            4493,
            2651,
            2651,
            1985,
            1332,
            1332,
            2070,
            6075,
            4287,
            4287,
            3009,
            3862,
            2657,
            3668,
            3668,
            2347,
            3324,
            3111,
            5110,
            5110,
            3820,
            4046,
            3584,
            3584,
            4175,
            2165,
            2165,
            4290,
            2070,
            2070,
            2670,
            2553,
            2553,
            4464,
            3544,
            1698,
            4478,
            4478,
            3095,
            2693,
            2501,
            2501,
            2550,
            1667,
            2040,
            2755,
            4125,
            4125,
            2322,
            4163,
            2783,
            2783,
            2830,
            2708,
            2708,
            1366,
            5081,
            2668,
            2845,
            2845,
            2189,
            2656,
            3594,
            3594,
            3737,
            3103,
            3103,
            4795,
            2388,
            1278,
            2778,
            2778,
            2229,
            2229,
            5039,
            5938,
            3281,
            3281,
            2745,
            2320,
            2351,
            2351,
            2802,
            2949,
            2949,
            4136,
            3521,
            861,
            2175,
            3882,
            3882,
            3460,
            2949,
            3201,
            3201,
            3119,
            3273
        ],
        "stages": [
            3.0,
            3.0,
            1.0,
            2.0,
            3.0,
            3.0,
            0.0,
            0.0,
            0.0,
            0.0,
            4.0,
            4.0,
            4.0,
            2.0,
            2.0,
            1.0,
            3.0,
            3.0,
            1.0,
            2.0,
            2.0,
            3.0,
            3.0,
            2.0,
            2.0,
            2.0,
            2.0,
            3.0,
            2.0,
            2.0,
            2.0,
            1.0,
            1.0,
            0.0,
            1.0,
            1.0,
            2.0,
            2.0,
            1.0,
            3.0,
            3.0,
            3.0,
            2.0,
            1.0,
            1.0,
            1.0,
            1.0,
            1.0,
            1.0,
            2.0,
            2.0,
            1.0,
            4.0,
            3.0,
            3.0,
            1.0,
            1.0,
            1.0,
            1.0,
            3.0,
            0.0,
            4.0,
            4.0,
            0.0,
            2.0,
            2.0,
            2.0,
            3.0,
            2.0,
            2.0,
            3.0,
            0.0,
            0.0,
            4.0,
            4.0,
            1.0,
            1.0,
            1.0,
            3.0,
            4.0,
            4.0,
            1.0,
            1.0,
            1.0,
            1.0,
            2.0,
            1.0,
            1.0,
            2.0,
            2.0,
            0.0,
            0.0,
            2.0,
            2.0,
            2.0,
            1.0,
            1.0,
            1.0,
            2.0,
            1.0
        ],
        "arcade": [
            0.0,
            0.0,
            0.0,
            0.0,
            0.0,
            0.0,
            0.0,
            0.0,
            0.0,
            0.0,
            0.0,
            0.0,
            0.0,
            0.0,
            0.0,
            0.0,
            0.0,
            0.0,
            0.0,
            0.0,
            0.0,
            0.0,
            0.0,
            0.0,
            0.0,
            0.0,
            0.0,
            0.0,
            0.0,
            0.0,
            0.0,
            0.0,
            0.0,
            0.0,
            0.0,
            0.0,
            0.0,
            0.0,
            0.0,
            0.0,
            0.0,
            0.0,
            0.0,
            0.0,
            0.0,
            0.0,
            0.0,
            0.0,
            0.0,
            0.0,
            0.0,
            0.0,
            0.0,
            0.0,
            0.0,
            0.0,
            0.0,
            0.0,
            0.0,
            0.0,
            0.0,
            0.0,
            0.0,
            0.0,
            0.0,
            0.0,
            0.0,
            0.0,
            0.0,
            0.0,
            0.0,
            0.0,
            0.0,
            0.0,
            0.0,
            0.0,
            0.0,
            0.0,
            0.0,
            0.0,
            0.0,
            0.0,
            0.0,
            0.0,
            0.0,
            0.0,
            0.0,
            0.0,
            0.0,
            0.0,
            0.0,
            0.0,
            0.0,
            0.0,
            0.0,
            0.0,
            0.0,
            0.0,
            0.0,
            0.0
        ]
    },