{
    "results_before_imitation": {
        "rewards": [
            -0.993789,
            -0.310559,
            0.937888,
            2.714286,
            1.236025,
            0.111801,
            1.689441,
            0.428571,
            1.428571,
            1.863354,
            -0.204969,
            0.043478,
            0.347826,
            0.919255,
            1.10559,
            0.378882,
            1.751553,
            0.695652,
            0.055901,
            2.838509,
            1.478261,
            1.534161,
            0.024845,
            1.956522,
            -0.031056,
            1.012422,
            1.931677,
            2.42236,
            1.602484,
            0.565217,
            2.012422,
            -0.031056,
            -0.15528,
            -0.21118,
            1.161491,
            0.204969,
            0.571429,
            0.055901,
            0.57764,
            -0.590062,
            0.161491,
            -0.571429,
            -0.111801,
            0.068323,
            0.118012,
            -0.335404,
            -0.590062,
            1.186335,
            1.596273,
            -0.732919,
            3.254658,
            1.248447,
            1.571429,
            0.347826,
            0.291925,
            0.378882,
            -0.086957,
            2.490683,
            -0.913043,
            0.118012,
            1.695652,
            -0.111801,
            1.63354,
            0.757764,
            0.180124,
            -0.385093,
            1.204969,
            0.968944,
            0.31677,
            -0.416149,
            -0.136646,
            0.968944,
            1.15528,
            -0.037267,
            0.055901,
            -0.695652,
            1.950311,
            2.018634,
            0.670807,
            0.347826,
            -0.372671,
            2.52795,
            -0.173913,
            0.21118,
            0.236025,
            2.478261,
            0.701863,
            1.298137,
            -0.397516,
            0.465839,
            4.018634,
            -0.645963,
            0.652174,
            1.708075,
            -0.018634,
            -0.043478,
            -0.78882,
            1.378882,
            1.248447,
            0.068323
        ],
        "ep_lens": [
            1926,
            2001,
            2702,
            3463,
            2900,
            2788,
            4172,
            4095,
            3311,
            2830,
            2422,
            2160,
            2237,
            6090,
            2099,
            3017,
            2236,
            2913,
            2732,
            4609,
            4204,
            1666,
            1951,
            3144,
            2192,
            5831,
            1912,
            3504,
            3527,
            3389,
            3602,
            2079,
            2100,
            2280,
            1667,
            4234,
            4123,
            3147,
            3372,
            1927,
            4127,
            1654,
            2573,
            3103,
            2346,
            1322,
            2203,
            3567,
            4296,
            2192,
            3348,
            1930,
            4942,
            1694,
            2190,
            2613,
            1164,
            5606,
            1091,
            2790,
            3689,
            1232,
            3868,
            2734,
            2564,
            3297,
            4046,
            5329,
            2282,
            3946,
            2101,
            2472,
            4427,
            1959,
            5475,
            2267,
            3756,
            2938,
            2301,
            2011,
            2042,
            3022,
            2966,
            2527,
            2034,
            5327,
            2394,
            4609,
            1626,
            3164,
            3780,
            1206,
            3738,
            4261,
            2291,
            2914,
            2116,
            3742,
            4433,
            5393
        ],
        "stages": [
            0.0,
            0.0,
            1.0,
            3.0,
            2.0,
            1.0,
            2.0,
            2.0,
            2.0,
            2.0,
            1.0,
            1.0,
            1.0,
            3.0,
            1.0,
            2.0,
            1.0,
            2.0,
            1.0,
            4.0,
            2.0,
            1.0,
            2.0,
            2.0,
            1.0,
            4.0,
            2.0,
            3.0,
            3.0,
            1.0,
            3.0,
            1.0,
            1.0,
            0.0,
            1.0,
            2.0,
            2.0,
            1.0,
            2.0,
            0.0,
            2.0,
            0.0,
            2.0,
            1.0,
            0.0,
            0.0,
            0.0,
            2.0,
            3.0,
            0.0,
            3.0,
            1.0,
            3.0,
            1.0,
            1.0,
            1.0,
            0.0,
            5.0,
            0.0,
            1.0,
            2.0,
            0.0,
            4.0,
            1.0,
            1.0,
            2.0,
            2.0,
            4.0,
            1.0,
            2.0,
            0.0,
            1.0,
            2.0,
            0.0,
            3.0,
            0.0,
            3.0,
            2.0,
            1.0,
            1.0,
            0.0,
            2.0,
            1.0,
            1.0,
            0.0,
            5.0,
            1.0,
            2.0,
            0.0,
            2.0,
            4.0,
            0.0,
            1.0,
            3.0,
            1.0,
            1.0,
            0.0,
            2.0,
            3.0,
            3.0
        ],
        "arcade": [
            0.0,
            0.0,
            0.0,
            0.0,
            0.0,
            0.0,
            0.0,
            0.0,
            0.0,
            0.0,
            0.0,
            0.0,
            0.0,
            0.0,
            0.0,
            0.0,
            0.0,
            0.0,
            0.0,
            0.0,
            0.0,
            0.0,
            0.0,
            0.0,
            0.0,
            0.0,
            0.0,
            0.0,
            0.0,
            0.0,
            0.0,
            0.0,
            0.0,
            0.0,
            0.0,
            0.0,
            0.0,
            0.0,
            0.0,
            0.0,
            0.0,
            0.0,
            0.0,
            0.0,
            0.0,
            0.0,
            0.0,
            0.0,
            0.0,
            0.0,
            0.0,
            0.0,
            0.0,
            0.0,
            0.0,
            0.0,
            0.0,
            0.0,
            0.0,
            0.0,
            0.0,
            0.0,
            0.0,
            0.0,
            0.0,
            0.0,
            0.0,
            0.0,
            0.0,
            0.0,
            0.0,
            0.0,
            0.0,
            0.0,
            0.0,
            0.0,
            0.0,
            0.0,
            0.0,
            0.0,
            0.0,
            0.0,
            0.0,
            0.0,
            0.0,
            0.0,
            0.0,
            0.0,
            0.0,
            0.0,
            0.0,
            0.0,
            0.0,
            0.0,
            0.0,
            0.0,
            0.0,
            0.0,
            0.0,
            0.0
        ]
    },