{
    "teacher_likelihood_scores": {
        "antiair_teacher": [
            [
                26996.0
            ],
            [
                0.0
            ]
        ],
        "attack_teacher": [
            [
                277051.0
            ],
            [
                304047.0
            ]
        ],
        "defence_teacher": [
            [
                0.0
            ],
            [
                0.0
            ]
        ]
    },
    "teacher_likelihood_means": {
        "antiair_teacher": [
            [
                0.0887889043470253
            ],
            [
                0.0
            ]
        ],
        "attack_teacher": [
            [
                0.9112110956529748
            ],
            [
                1.0
            ]
        ],
        "defence_teacher": [
            [
                0.0
            ],
            [
                0.0
            ]
        ]
    },
    "teacher_likelihood_stds": {
        "antiair_teacher": [
            [
                0.0005158441227843988
            ],
            [
                0.0
            ]
        ],
        "attack_teacher": [
            [
                0.0005158441227843985
            ],
            [
                0.0
            ]
        ],
        "defence_teacher": [
            [
                0.0
            ],
            [
                0.0
            ]
        ]
    }
}