{
    "results_before_imitation": {
        "rewards": [
            3.639752,
            0.018634,
            0.018634,
            1.540373,
            -0.726708,
            3.484472,
            -0.279503,
            0.515528,
            1.335404,
            1.335404,
            -0.621118,
            2.291925,
            1.757764,
            1.757764,
            1.093168,
            -0.484472,
            0.26087,
            0.26087,
            0.440994,
            3.279503,
            2.751553,
            2.751553,
            -0.0,
            0.31677,
            -0.186335,
            -0.186335,
            0.267081,
            1.36646,
            1.36646,
            0.26087,
            0.149068,
            0.149068,
            1.57764,
            -0.236025,
            2.900621,
            2.900621,
            0.590062,
            1.074534,
            1.074534,
            2.124224,
            1.42236,
            0.111801,
            0.111801,
            0.149068,
            -0.242236,
            -0.242236,
            -0.434783,
            0.149068,
            0.52795,
            2.552795,
            2.552795,
            -0.242236,
            0.335404,
            0.950311,
            0.950311,
            1.186335,
            1.596273,
            0.583851,
            0.583851,
            2.161491,
            -0.515528,
            -0.515528,
            1.534161,
            0.186335,
            0.801242,
            0.801242,
            3.428571,
            0.242236,
            0.242236,
            1.099379,
            0.652174,
            -0.670807,
            0.726708,
            -0.440994,
            1.0,
            1.0,
            0.875776,
            0.124224,
            2.062112,
            2.062112,
            0.298137,
            0.956522,
            1.074534,
            1.074534,
            0.73913,
            -0.149068,
            0.795031,
            0.795031,
            -0.118012,
            -0.118012,
            2.360248,
            0.341615,
            0.341615,
            -0.236025,
            1.018634,
            0.012422,
            1.298137,
            1.298137,
            1.329193,
            -0.173913
        ],
        "ep_lens": [
            2803,
            3318,
            3318,
            4493,
            2078,
            3953,
            2190,
            2180,
            6075,
            6075,
            2553,
            3549,
            3862,
            3862,
            1867,
            2375,
            2072,
            2072,
            2215,
            4499,
            4216,
            4216,
            2225,
            3588,
            1845,
            1845,
            3311,
            2337,
            2337,
            5418,
            2697,
            2697,
            4116,
            1964,
            3320,
            3320,
            3000,
            2314,
            2314,
            5752,
            3478,
            2268,
            2268,
            2453,
            2082,
            2082,
            2513,
            1838,
            3046,
            3517,
            3517,
            3769,
            2905,
            4790,
            4790,
            2636,
            3439,
            3297,
            3297,
            4201,
            1987,
            1987,
            5286,
            2790,
            3529,
            3529,
            5957,
            2752,
            2752,
            3359,
            1867,
            2086,
            3487,
            1035,
            4241,
            4241,
            2098,
            2427,
            5520,
            5520,
            4346,
            6423,
            3453,
            3453,
            3677,
            3059,
            2943,
            2943,
            2133,
            2133,
            4613,
            1861,
            1861,
            1174,
            5085,
            2029,
            2537,
            2537,
            3438,
            1726
        ],
        "stages": [
            3.0,
            1.0,
            1.0,
            2.0,
            0.0,
            4.0,
            0.0,
            1.0,
            4.0,
            4.0,
            1.0,
            2.0,
            2.0,
            2.0,
            1.0,
            0.0,
            1.0,
            1.0,
            1.0,
            3.0,
            3.0,
            3.0,
            0.0,
            2.0,
            0.0,
            0.0,
            2.0,
            1.0,
            1.0,
            4.0,
            1.0,
            1.0,
            3.0,
            0.0,
            3.0,
            3.0,
            1.0,
            1.0,
            1.0,
            3.0,
            2.0,
            1.0,
            1.0,
            1.0,
            0.0,
            0.0,
            1.0,
            1.0,
            2.0,
            3.0,
            3.0,
            2.0,
            2.0,
            2.0,
            2.0,
            1.0,
            2.0,
            2.0,
            2.0,
            2.0,
            0.0,
            0.0,
            3.0,
            1.0,
            3.0,
            3.0,
            5.0,
            1.0,
            1.0,
            1.0,
            1.0,
            1.0,
            2.0,
            0.0,
            3.0,
            3.0,
            1.0,
            1.0,
            3.0,
            3.0,
            2.0,
            4.0,
            2.0,
            2.0,
            2.0,
            1.0,
            1.0,
            1.0,
            0.0,
            0.0,
            3.0,
            1.0,
            1.0,
            0.0,
            4.0,
            1.0,
            1.0,
            1.0,
            1.0,
            1.0
        ],
        "arcade": [
            0.0,
            0.0,
            0.0,
            0.0,
            0.0,
            0.0,
            0.0,
            0.0,
            0.0,
            0.0,
            0.0,
            0.0,
            0.0,
            0.0,
            0.0,
            0.0,
            0.0,
            0.0,
            0.0,
            0.0,
            0.0,
            0.0,
            0.0,
            0.0,
            0.0,
            0.0,
            0.0,
            0.0,
            0.0,
            0.0,
            0.0,
            0.0,
            0.0,
            0.0,
            0.0,
            0.0,
            0.0,
            0.0,
            0.0,
            0.0,
            0.0,
            0.0,
            0.0,
            0.0,
            0.0,
            0.0,
            0.0,
            0.0,
            0.0,
            0.0,
            0.0,
            0.0,
            0.0,
            0.0,
            0.0,
            0.0,
            0.0,
            0.0,
            0.0,
            0.0,
            0.0,
            0.0,
            0.0,
            0.0,
            0.0,
            0.0,
            0.0,
            0.0,
            0.0,
            0.0,
            0.0,
            0.0,
            0.0,
            0.0,
            0.0,
            0.0,
            0.0,
            0.0,
            0.0,
            0.0,
            0.0,
            0.0,
            0.0,
            0.0,
            0.0,
            0.0,
            0.0,
            0.0,
            0.0,
            0.0,
            0.0,
            0.0,
            0.0,
            0.0,
            0.0,
            0.0,
            0.0,
            0.0,
            0.0,
            0.0
        ]
    },