{
    "Ryu": {
        "mean_rwd": -3.9279503,
        "std_rwd": 0.21614909999999998
    },
    "Ken": {
        "mean_rwd": -3.5329192,
        "std_rwd": 0.638953790379054
    },
    "Makoto": {
        "mean_rwd": -3.2422360000000006,
        "std_rwd": 0.9349343538830948
    },
    "Hugo": {
        "mean_rwd": -3.499379,
        "std_rwd": 0.30560259897029673
    },
    "Urien": {
        "mean_rwd": -3.8968944999999997,
        "std_rwd": 0.2415215665559703
    }
}