{
    "kof98umh": {
        "mean_rwd": -5.9,
        "std_rwd": 0.06324555320336764
    },
    "umk3": {
        "mean_rwd": -3.8433734999999998,
        "std_rwd": 0.21740221548560634
    },
    "samsh5sp": {
        "mean_rwd": -4.0,
        "std_rwd": 0.0
    }
}