{
    "1": {
        "mean_rwd": -3.7515528000000002,
        "std_rwd": 0.3475155060585931
    },
    "2": {
        "mean_rwd": -3.3577641,
        "std_rwd": 0.7410862263825243
    },
    "3": {
        "mean_rwd": -3.3900619999999995,
        "std_rwd": 0.4968774979575952
    },
    "4": {
        "mean_rwd": -3.4732918000000006,
        "std_rwd": 0.5300492919451548
    },
    "5": {
        "mean_rwd": -3.3627328999999997,
        "std_rwd": 0.4949980828612268
    }
}