{
    "0": {
        "Model: sb3/ppo_agents/sf3_ryu_bc/model/seed_0/0_autosave_1000000.zip": {
            "mean_reward": 1.0433489166666667,
            "std_reward": 0.7948799670961291,
            "mean_stages": 2.1458333333333335,
            "std_stages": 0.40127833925537965,
            "mean_arcade_runs": 0.0,
            "std_arcade_runs": 0.0
        },
        "Model: sb3/ppo_agents/sf3_ryu_bc/model/seed_0/0_autosave_5000000.zip": {
            "mean_reward": 1.5856623958333333,
            "std_reward": 0.9651816358690545,
            "mean_stages": 2.75,
            "std_stages": 0.47871355387816905,
            "mean_arcade_runs": 0.0,
            "std_arcade_runs": 0.0
        },
        "Model: sb3/ppo_agents/sf3_ryu_bc/model/seed_0/10000000.zip": {
            "mean_reward": 1.423266,
            "std_reward": 0.992353863111256,
            "mean_stages": 2.2708333333333335,
            "std_stages": 0.4140543107156623,
            "mean_arcade_runs": 0.0,
            "std_arcade_runs": 0.0
        }
    }
}