{
    "0": {
        "before_imitation": {
            "eval_reward": {
                "mean": 0.7422359999999999,
                "std": 0.7394304230660413
            },
            "eval_stages": {
                "mean": 1.875,
                "std": 0.414578098794425
            },
            "eval_arcade_runs": {
                "mean": 0.0,
                "std": 0.0
            }
        },
        "after_imitation": {
            "eval_reward": {
                "mean": -1.2861025000000001,
                "std": 0.4843747078586216
            },
            "eval_stages": {
                "mean": 0.0625,
                "std": 0.10825317547305482
            },
            "eval_arcade_runs": {
                "mean": 0.0,
                "std": 0.0
            }
        },
        "after_training": {
            "eval_reward": {
                "mean": 0.921972,
                "std": 0.8799593781970847
            },
            "eval_stages": {
                "mean": 1.875,
                "std": 0.739509972887452
            },
            "eval_arcade_runs": {
                "mean": 0.0,
                "std": 0.0
            }
        }
    }
}