{
    "0": {
        "0": {
            "mean_rwd": -3.9428572,
            "std_rwd": 0.11428560000000001
        }
    }
}