{
    "teacher_likelihood_scores": {
        "antiair_teacher": [
            [
                12904.0
            ],
            [
                12904.0
            ]
        ],
        "attack_teacher": [
            [
                290888.0
            ],
            [
                290888.0
            ]
        ],
        "defence_teacher": [
            [
                19.0
            ],
            [
                19.0
            ]
        ]
    },
    "teacher_likelihood_means": {
        "antiair_teacher": [
            [
                0.042473774813946825
            ],
            [
                0.042473774813946825
            ]
        ],
        "attack_teacher": [
            [
                0.9574636863049725
            ],
            [
                0.9574636863049725
            ]
        ],
        "defence_teacher": [
            [
                6.253888108067187e-05
            ],
            [
                6.253888108067187e-05
            ]
        ]
    },
    "teacher_likelihood_stds": {
        "antiair_teacher": [
            [
                0.00036587608364935736
            ],
            [
                0.00036587608364935736
            ]
        ],
        "attack_teacher": [
            [
                0.0003661333874599312
            ],
            [
                0.0003661333874599312
            ]
        ],
        "defence_teacher": [
            [
                1.434695465627727e-05
            ],
            [
                1.434695465627727e-05
            ]
        ]
    }
}