{
    "results_before_imitation": {
        "rewards": [
            0.850932,
            3.639752,
            0.018634,
            0.42236,
            3.521739,
            0.055901,
            -0.42236,
            0.248447,
            1.335404,
            1.540373,
            -0.055901,
            4.236025,
            2.0,
            0.695652,
            1.757764,
            0.565217,
            2.0,
            -0.080745,
            1.57764,
            2.229814,
            1.043478,
            1.645963,
            2.118012,
            2.322981,
            0.956522,
            -0.198758,
            1.409938,
            2.229814,
            2.21118,
            1.198758,
            0.888199,
            3.52795,
            1.627329,
            -0.341615,
            1.42236,
            0.583851,
            3.944099,
            -0.596273,
            0.26087,
            0.919255,
            -0.217391,
            1.515528,
            -0.236025,
            1.602484,
            0.149068,
            0.913043,
            2.248447,
            0.254658,
            1.093168,
            0.534161,
            0.267081,
            3.055901,
            -0.223602,
            1.857143,
            3.086957,
            0.403727,
            2.074534,
            0.509317,
            -0.062112,
            0.459627,
            0.565217,
            1.118012,
            0.304348,
            -0.428571,
            0.26087,
            2.204969,
            0.552795,
            -0.509317,
            2.434783,
            0.173913,
            0.409938,
            -0.111801,
            1.074534,
            0.819876,
            2.546584,
            2.708075,
            0.254658,
            -0.385093,
            0.049689,
            0.795031,
            0.73913,
            0.093168,
            1.130435,
            2.900621,
            -0.130435,
            0.440994,
            -0.217391,
            -0.310559,
            -0.099379,
            1.180124,
            1.565217,
            -0.329193,
            1.919255,
            0.391304,
            0.341615,
            0.254658,
            1.627329,
            1.403727,
            0.124224,
            1.608696
        ],
        "ep_lens": [
            2720,
            2803,
            3318,
            4802,
            2651,
            3380,
            1332,
            2512,
            6075,
            2440,
            3961,
            4287,
            1882,
            2405,
            3862,
            2319,
            3366,
            2347,
            4326,
            2976,
            2795,
            1438,
            3794,
            2795,
            2744,
            1354,
            4926,
            2709,
            2160,
            2629,
            2413,
            3211,
            2763,
            2773,
            3123,
            1829,
            3576,
            1230,
            1978,
            2650,
            2382,
            4093,
            2201,
            3564,
            2867,
            3443,
            3091,
            3343,
            4550,
            2091,
            1960,
            4019,
            1434,
            4329,
            4000,
            4369,
            3606,
            3552,
            2264,
            4381,
            2442,
            2827,
            2288,
            2269,
            2265,
            3115,
            2991,
            2175,
            3030,
            2206,
            2674,
            2086,
            2846,
            2492,
            1867,
            4295,
            4473,
            2311,
            3726,
            4156,
            4496,
            1739,
            3445,
            4166,
            1189,
            1465,
            2644,
            2451,
            3140,
            4642,
            4125,
            2474,
            5469,
            2355,
            2782,
            2520,
            3449,
            2147,
            2725,
            4037
        ],
        "stages": [
            1.0,
            3.0,
            1.0,
            3.0,
            3.0,
            1.0,
            0.0,
            0.0,
            4.0,
            2.0,
            2.0,
            4.0,
            1.0,
            1.0,
            2.0,
            1.0,
            3.0,
            1.0,
            2.0,
            2.0,
            2.0,
            1.0,
            3.0,
            2.0,
            1.0,
            0.0,
            3.0,
            2.0,
            2.0,
            2.0,
            1.0,
            3.0,
            2.0,
            1.0,
            2.0,
            1.0,
            3.0,
            0.0,
            1.0,
            1.0,
            1.0,
            2.0,
            1.0,
            2.0,
            1.0,
            2.0,
            3.0,
            1.0,
            2.0,
            1.0,
            1.0,
            4.0,
            0.0,
            2.0,
            3.0,
            2.0,
            3.0,
            2.0,
            1.0,
            2.0,
            1.0,
            2.0,
            0.0,
            1.0,
            0.0,
            3.0,
            1.0,
            0.0,
            3.0,
            0.0,
            1.0,
            1.0,
            2.0,
            1.0,
            2.0,
            3.0,
            3.0,
            0.0,
            1.0,
            2.0,
            2.0,
            1.0,
            2.0,
            3.0,
            0.0,
            1.0,
            0.0,
            0.0,
            2.0,
            3.0,
            3.0,
            1.0,
            4.0,
            1.0,
            1.0,
            0.0,
            2.0,
            1.0,
            1.0,
            4.0
        ],
        "arcade": [
            0.0,
            0.0,
            0.0,
            0.0,
            0.0,
            0.0,
            0.0,
            0.0,
            0.0,
            0.0,
            0.0,
            0.0,
            0.0,
            0.0,
            0.0,
            0.0,
            0.0,
            0.0,
            0.0,
            0.0,
            0.0,
            0.0,
            0.0,
            0.0,
            0.0,
            0.0,
            0.0,
            0.0,
            0.0,
            0.0,
            0.0,
            0.0,
            0.0,
            0.0,
            0.0,
            0.0,
            0.0,
            0.0,
            0.0,
            0.0,
            0.0,
            0.0,
            0.0,
            0.0,
            0.0,
            0.0,
            0.0,
            0.0,
            0.0,
            0.0,
            0.0,
            0.0,
            0.0,
            0.0,
            0.0,
            0.0,
            0.0,
            0.0,
            0.0,
            0.0,
            0.0,
            0.0,
            0.0,
            0.0,
            0.0,
            0.0,
            0.0,
            0.0,
            0.0,
            0.0,
            0.0,
            0.0,
            0.0,
            0.0,
            0.0,
            0.0,
            0.0,
            0.0,
            0.0,
            0.0,
            0.0,
            0.0,
            0.0,
            0.0,
            0.0,
            0.0,
            0.0,
            0.0,
            0.0,
            0.0,
            0.0,
            0.0,
            0.0,
            0.0,
            0.0,
            0.0,
            0.0,
            0.0,
            0.0,
            0.0
        ]
    },