{
    "results_before_imitation": {
        "rewards": [
            0.850932,
            0.850932,
            0.018634,
            0.42236,
            0.254658,
            2.173913,
            2.173913,
            1.043478,
            -0.037267,
            -0.037267,
            -0.136646,
            1.248447,
            1.248447,
            2.018634,
            3.496894,
            1.453416,
            1.453416,
            0.639752,
            0.173913,
            -0.714286,
            0.515528,
            0.515528,
            0.993789,
            2.496894,
            0.565217,
            1.242236,
            1.242236,
            0.149068,
            1.503106,
            2.310559,
            2.310559,
            1.242236,
            1.074534,
            0.701863,
            0.701863,
            -0.701863,
            0.465839,
            0.465839,
            -0.546584,
            0.354037,
            0.354037,
            1.639752,
            1.708075,
            2.47205,
            2.47205,
            2.254658,
            -0.118012,
            0.354037,
            0.354037,
            1.776398,
            3.229814,
            1.0,
            1.0,
            0.118012,
            -0.236025,
            -0.236025,
            1.658385,
            1.428571,
            0.10559,
            -0.73913,
            -0.73913,
            0.173913,
            1.403727,
            1.403727,
            1.062112,
            2.012422,
            -0.279503,
            2.086957,
            2.086957,
            1.975155,
            0.645963,
            1.552795,
            1.552795,
            0.975155,
            3.10559,
            0.826087,
            0.826087,
            1.086957,
            0.888199,
            0.888199,
            1.565217,
            -0.186335,
            0.142857,
            -0.279503,
            1.291925,
            2.490683,
            2.490683,
            0.459627,
            0.57764,
            0.57764,
            0.186335,
            0.397516,
            2.782609,
            1.658385,
            1.658385,
            2.478261,
            0.590062,
            0.590062,
            1.521739,
            2.708075
        ],
        "ep_lens": [
            2720,
            2720,
            3318,
            4802,
            3006,
            4411,
            4411,
            3971,
            2011,
            2011,
            3242,
            2532,
            2532,
            4020,
            3954,
            5004,
            5004,
            3808,
            5587,
            2004,
            3374,
            3374,
            1928,
            4698,
            2324,
            5077,
            5077,
            2302,
            3643,
            3091,
            3091,
            1726,
            4885,
            3304,
            3304,
            2197,
            2088,
            2088,
            5028,
            2327,
            2327,
            4003,
            5321,
            3448,
            3448,
            3782,
            1286,
            2883,
            2883,
            3438,
            3515,
            3606,
            3606,
            4343,
            1681,
            1681,
            3286,
            3502,
            2606,
            4722,
            4722,
            1937,
            2063,
            2063,
            4135,
            3746,
            2503,
            4516,
            4516,
            4546,
            2980,
            3279,
            3279,
            2725,
            2822,
            4297,
            4297,
            5596,
            2967,
            2967,
            4306,
            2178,
            2349,
            2175,
            4944,
            6097,
            6097,
            2248,
            2046,
            2046,
            3634,
            2413,
            3400,
            6145,
            6145,
            2383,
            2696,
            2696,
            3463,
            3855
        ],
        "stages": [
            1.0,
            1.0,
            1.0,
            3.0,
            1.0,
            3.0,
            3.0,
            2.0,
            0.0,
            0.0,
            1.0,
            1.0,
            1.0,
            4.0,
            4.0,
            3.0,
            3.0,
            3.0,
            4.0,
            0.0,
            2.0,
            2.0,
            1.0,
            3.0,
            1.0,
            3.0,
            3.0,
            1.0,
            2.0,
            2.0,
            2.0,
            1.0,
            4.0,
            2.0,
            2.0,
            1.0,
            0.0,
            0.0,
            3.0,
            1.0,
            1.0,
            3.0,
            2.0,
            3.0,
            3.0,
            4.0,
            0.0,
            1.0,
            1.0,
            2.0,
            3.0,
            3.0,
            3.0,
            1.0,
            0.0,
            0.0,
            3.0,
            2.0,
            0.0,
            2.0,
            2.0,
            1.0,
            1.0,
            1.0,
            2.0,
            3.0,
            0.0,
            3.0,
            3.0,
            3.0,
            2.0,
            2.0,
            2.0,
            1.0,
            3.0,
            3.0,
            3.0,
            3.0,
            1.0,
            1.0,
            2.0,
            1.0,
            0.0,
            0.0,
            3.0,
            5.0,
            5.0,
            1.0,
            1.0,
            1.0,
            2.0,
            1.0,
            3.0,
            4.0,
            4.0,
            2.0,
            1.0,
            1.0,
            3.0,
            4.0
        ],
        "arcade": [
            0.0,
            0.0,
            0.0,
            0.0,
            0.0,
            0.0,
            0.0,
            0.0,
            0.0,
            0.0,
            0.0,
            0.0,
            0.0,
            0.0,
            0.0,
            0.0,
            0.0,
            0.0,
            0.0,
            0.0,
            0.0,
            0.0,
            0.0,
            0.0,
            0.0,
            0.0,
            0.0,
            0.0,
            0.0,
            0.0,
            0.0,
            0.0,
            0.0,
            0.0,
            0.0,
            0.0,
            0.0,
            0.0,
            0.0,
            0.0,
            0.0,
            0.0,
            0.0,
            0.0,
            0.0,
            0.0,
            0.0,
            0.0,
            0.0,
            0.0,
            0.0,
            0.0,
            0.0,
            0.0,
            0.0,
            0.0,
            0.0,
            0.0,
            0.0,
            0.0,
            0.0,
            0.0,
            0.0,
            0.0,
            0.0,
            0.0,
            0.0,
            0.0,
            0.0,
            0.0,
            0.0,
            0.0,
            0.0,
            0.0,
            0.0,
            0.0,
            0.0,
            0.0,
            0.0,
            0.0,
            0.0,
            0.0,
            0.0,
            0.0,
            0.0,
            0.0,
            0.0,
            0.0,
            0.0,
            0.0,
            0.0,
            0.0,
            0.0,
            0.0,
            0.0,
            0.0,
            0.0,
            0.0,
            0.0,
            0.0
        ]
    },