{
    "results_before_imitation": {
        "rewards": [
            -0.428571,
            0.850932,
            0.42236,
            0.42236,
            0.055901,
            2.198758,
            1.863354,
            1.043478,
            1.043478,
            -0.055901,
            1.006211,
            1.42236,
            1.42236,
            0.695652,
            -0.236025,
            1.73913,
            1.73913,
            1.57764,
            0.391304,
            0.391304,
            2.84472,
            0.186335,
            1.409938,
            1.242236,
            1.968944,
            1.968944,
            1.428571,
            -0.304348,
            0.124224,
            4.242236,
            4.242236,
            -0.285714,
            0.403727,
            0.403727,
            1.354037,
            0.63354,
            3.409938,
            3.409938,
            1.15528,
            0.21118,
            0.086957,
            0.869565,
            1.906832,
            1.906832,
            1.409938,
            0.434783,
            -0.84472,
            1.770186,
            1.770186,
            1.229814,
            -0.428571,
            0.378882,
            0.378882,
            1.428571,
            0.925466,
            2.63354,
            2.63354,
            1.78882,
            -0.583851,
            -0.583851,
            0.111801,
            -0.186335,
            3.279503,
            3.279503,
            0.279503,
            -0.242236,
            -0.242236,
            -0.198758,
            1.919255,
            1.919255,
            0.639752,
            0.84472,
            -0.167702,
            2.347826,
            2.347826,
            4.217391,
            0.248447,
            0.496894,
            1.416149,
            1.416149,
            1.68323,
            0.111801,
            -0.192547,
            3.52795,
            3.52795,
            0.391304,
            0.217391,
            1.0,
            0.490683,
            0.490683,
            -0.484472,
            0.198758,
            0.198758,
            0.645963,
            0.888199,
            0.888199,
            2.440994,
            2.440994,
            2.192547,
            2.192547
        ],
        "ep_lens": [
            1452,
            2720,
            4802,
            4802,
            3380,
            4651,
            2246,
            3971,
            3971,
            3961,
            2249,
            2847,
            2847,
            2405,
            2472,
            2830,
            2830,
            4326,
            3343,
            3343,
            5035,
            2196,
            4926,
            2334,
            5248,
            5248,
            1746,
            2593,
            2632,
            3099,
            3099,
            1780,
            2387,
            2387,
            1688,
            3889,
            3318,
            3318,
            3225,
            2416,
            2670,
            1832,
            5464,
            5464,
            6040,
            2272,
            2391,
            3577,
            3577,
            4344,
            3247,
            3626,
            3626,
            2284,
            1997,
            2494,
            2494,
            4679,
            3398,
            3398,
            4399,
            2789,
            3087,
            3087,
            3842,
            867,
            867,
            2094,
            2515,
            2515,
            2206,
            3660,
            1826,
            3357,
            3357,
            3983,
            2077,
            2045,
            3903,
            3903,
            3304,
            2646,
            1204,
            2840,
            2840,
            2189,
            1231,
            2238,
            4289,
            4289,
            2005,
            4239,
            4239,
            3076,
            3235,
            3235,
            4608,
            4608,
            2584,
            2584
        ],
        "stages": [
            0.0,
            1.0,
            3.0,
            3.0,
            1.0,
            2.0,
            2.0,
            2.0,
            2.0,
            2.0,
            1.0,
            2.0,
            2.0,
            1.0,
            1.0,
            2.0,
            2.0,
            2.0,
            2.0,
            2.0,
            4.0,
            2.0,
            3.0,
            1.0,
            3.0,
            3.0,
            1.0,
            0.0,
            1.0,
            3.0,
            3.0,
            0.0,
            1.0,
            1.0,
            1.0,
            2.0,
            3.0,
            3.0,
            3.0,
            1.0,
            0.0,
            1.0,
            4.0,
            4.0,
            5.0,
            1.0,
            1.0,
            2.0,
            2.0,
            3.0,
            2.0,
            3.0,
            3.0,
            1.0,
            1.0,
            2.0,
            2.0,
            3.0,
            2.0,
            2.0,
            2.0,
            1.0,
            4.0,
            4.0,
            1.0,
            0.0,
            0.0,
            0.0,
            2.0,
            2.0,
            1.0,
            2.0,
            0.0,
            3.0,
            3.0,
            5.0,
            0.0,
            1.0,
            2.0,
            2.0,
            2.0,
            1.0,
            0.0,
            4.0,
            4.0,
            0.0,
            0.0,
            1.0,
            2.0,
            2.0,
            0.0,
            2.0,
            2.0,
            2.0,
            2.0,
            2.0,
            4.0,
            4.0,
            2.0,
            2.0
        ],
        "arcade": [
            0.0,
            0.0,
            0.0,
            0.0,
            0.0,
            0.0,
            0.0,
            0.0,
            0.0,
            0.0,
            0.0,
            0.0,
            0.0,
            0.0,
            0.0,
            0.0,
            0.0,
            0.0,
            0.0,
            0.0,
            0.0,
            0.0,
            0.0,
            0.0,
            0.0,
            0.0,
            0.0,
            0.0,
            0.0,
            0.0,
            0.0,
            0.0,
            0.0,
            0.0,
            0.0,
            0.0,
            0.0,
            0.0,
            0.0,
            0.0,
            0.0,
            0.0,
            0.0,
            0.0,
            0.0,
            0.0,
            0.0,
            0.0,
            0.0,
            0.0,
            0.0,
            0.0,
            0.0,
            0.0,
            0.0,
            0.0,
            0.0,
            0.0,
            0.0,
            0.0,
            0.0,
            0.0,
            0.0,
            0.0,
            0.0,
            0.0,
            0.0,
            0.0,
            0.0,
            0.0,
            0.0,
            0.0,
            0.0,
            0.0,
            0.0,
            0.0,
            0.0,
            0.0,
            0.0,
            0.0,
            0.0,
            0.0,
            0.0,
            0.0,
            0.0,
            0.0,
            0.0,
            0.0,
            0.0,
            0.0,
            0.0,
            0.0,
            0.0,
            0.0,
            0.0,
            0.0,
            0.0,
            0.0,
            0.0,
            0.0
        ]
    },