{
    "teacher_likelihood_scores": {
        "antiair_teacher": [
            [
                54440.0
            ],
            [
                0.0
            ]
        ],
        "attack_teacher": [
            [
                228018.0
            ],
            [
                282458.0
            ]
        ],
        "defence_teacher": [
            [
                0.0
            ],
            [
                0.0
            ]
        ]
    },
    "teacher_likelihood_means": {
        "antiair_teacher": [
            [
                0.19273661924958754
            ],
            [
                0.0
            ]
        ],
        "attack_teacher": [
            [
                0.8072633807504125
            ],
            [
                1.0
            ]
        ],
        "defence_teacher": [
            [
                0.0
            ],
            [
                0.0
            ]
        ]
    },
    "teacher_likelihood_stds": {
        "antiair_teacher": [
            [
                0.0007421860800884784
            ],
            [
                0.0
            ]
        ],
        "attack_teacher": [
            [
                0.0007421860800884783
            ],
            [
                0.0
            ]
        ],
        "defence_teacher": [
            [
                0.0
            ],
            [
                0.0
            ]
        ]
    }
}