{
    "teacher_likelihood_scores": {
        "antiair_teacher": [
            [
                22856.0
            ],
            [
                0.0
            ]
        ],
        "attack_teacher": [
            [
                298456.0
            ],
            [
                321312.0
            ]
        ],
        "defence_teacher": [
            [
                0.0
            ],
            [
                0.0
            ]
        ]
    },
    "teacher_likelihood_means": {
        "antiair_teacher": [
            [
                0.07113335325166815
            ],
            [
                0.0
            ]
        ],
        "attack_teacher": [
            [
                0.9288666467483319
            ],
            [
                1.0
            ]
        ],
        "defence_teacher": [
            [
                0.0
            ],
            [
                0.0
            ]
        ]
    },
    "teacher_likelihood_stds": {
        "antiair_teacher": [
            [
                0.00045347134876512463
            ],
            [
                0.0
            ]
        ],
        "attack_teacher": [
            [
                0.0004534713487651246
            ],
            [
                0.0
            ]
        ],
        "defence_teacher": [
            [
                0.0
            ],
            [
                0.0
            ]
        ]
    }
}