{
    "teacher_likelihood_means": {
        "antiair_teacher": [
            [
                0.5762348329005647
            ],
            [
                0.0
            ]
        ],
        "attack_teacher": [
            [
                0.4237651670994354
            ],
            [
                1.0
            ]
        ],
        "defence_teacher": [
            [
                0.0
            ],
            [
                0.0
            ]
        ]
    },
    "teacher_likelihood_stds": {
        "antiair_teacher": [
            [
                0.000581593915537685
            ],
            [
                0.0
            ]
        ],
        "attack_teacher": [
            [
                0.000581593915537685
            ],
            [
                0.0
            ]
        ],
        "defence_teacher": [
            [
                0.0
            ],
            [
                0.0
            ]
        ]
    }
}