{
    "teacher_likelihood_means": {
        "antiair_teacher": [
            [
                0.9977281988590058
            ],
            [
                0.9977281988590058
            ]
        ],
        "attack_teacher": [
            [
                0.002271801140994295
            ],
            [
                0.002271801140994295
            ]
        ],
        "defence_teacher": [
            [
                0.0
            ],
            [
                0.0
            ]
        ]
    },
    "teacher_likelihood_stds": {
        "antiair_teacher": [
            [
                5.042152008036808e-05
            ],
            [
                5.042152008036808e-05
            ]
        ],
        "attack_teacher": [
            [
                5.0421520080368024e-05
            ],
            [
                5.0421520080368024e-05
            ]
        ],
        "defence_teacher": [
            [
                0.0
            ],
            [
                0.0
            ]
        ]
    }
}