{
    "teacher_likelihood_means": {
        "antiair_teacher": [
            [
                0.26581700364298183
            ],
            [
                0.26581700364298183
            ]
        ],
        "attack_teacher": [
            [
                0.7341829963570181
            ],
            [
                0.7341829963570181
            ]
        ],
        "defence_teacher": [
            [
                0.0
            ],
            [
                0.0
            ]
        ]
    },
    "teacher_likelihood_stds": {
        "antiair_teacher": [
            [
                0.00023424975135720653
            ],
            [
                0.00023424975135720653
            ]
        ],
        "attack_teacher": [
            [
                0.00023424975135720653
            ],
            [
                0.00023424975135720653
            ]
        ],
        "defence_teacher": [
            [
                0.0
            ],
            [
                0.0
            ]
        ]
    }
}