{
    "teacher_likelihood_means": {
        "antiair_teacher": [
            [
                0.6374090282647066
            ],
            [
                0.6374090282647066
            ]
        ],
        "attack_teacher": [
            [
                0.139603705503159
            ],
            [
                0.139603705503159
            ]
        ],
        "defence_teacher": [
            [
                0.22298726623213438
            ],
            [
                0.22298726623213438
            ]
        ]
    },
    "teacher_likelihood_stds": {
        "antiair_teacher": [
            [
                0.0002074151481603722
            ],
            [
                0.0002074151481603722
            ]
        ],
        "attack_teacher": [
            [
                0.0005500643778055672
            ],
            [
                0.0005500643778055672
            ]
        ],
        "defence_teacher": [
            [
                0.00034264922964519505
            ],
            [
                0.00034264922964519505
            ]
        ]
    }
}