{
    "teacher_likelihood_means": {
        "antiair_teacher": [
            [
                0.3329962769392066
            ],
            [
                0.00013366461190086803
            ]
        ],
        "attack_teacher": [
            [
                0.6670037230607934
            ],
            [
                0.9998611356181369
            ]
        ],
        "defence_teacher": [
            [
                0.0
            ],
            [
                5.199769962176873e-06
            ]
        ]
    },
    "teacher_likelihood_stds": {
        "antiair_teacher": [
            [
                2.4549740857200876e-05
            ],
            [
                1.3232114909257888e-05
            ]
        ],
        "attack_teacher": [
            [
                2.454974085720268e-05
            ],
            [
                1.5557504592362357e-05
            ]
        ],
        "defence_teacher": [
            [
                0.0
            ],
            [
                2.3253896831084636e-06
            ]
        ]
    }
}