{
    "teacher_likelihood_means": {
        "antiair_teacher": [
            [
                0.34394756573453983
            ],
            [
                0.34394756573453983
            ]
        ],
        "attack_teacher": [
            [
                0.6560524342654602
            ],
            [
                0.6560524342654602
            ]
        ],
        "defence_teacher": [
            [
                0.0
            ],
            [
                0.0
            ]
        ]
    },
    "teacher_likelihood_stds": {
        "antiair_teacher": [
            [
                0.0001046167234050936
            ],
            [
                0.0001046167234050936
            ]
        ],
        "attack_teacher": [
            [
                0.00010461672340509358
            ],
            [
                0.00010461672340509358
            ]
        ],
        "defence_teacher": [
            [
                0.0
            ],
            [
                0.0
            ]
        ]
    }
}