{
    "teacher_likelihood_means": {
        "antiair_teacher": [
            [
                0.39979776616352397
            ],
            [
                0.2000801987671405
            ]
        ],
        "attack_teacher": [
            [
                0.6002022338364761
            ],
            [
                0.7999166813708822
            ]
        ],
        "defence_teacher": [
            [
                0.0
            ],
            [
                3.1198619773061236e-06
            ]
        ]
    },
    "teacher_likelihood_stds": {
        "antiair_teacher": [
            [
                1.4729844514320526e-05
            ],
            [
                7.939268945554734e-06
            ]
        ],
        "attack_teacher": [
            [
                1.472984451432161e-05
            ],
            [
                9.334502755417414e-06
            ]
        ],
        "defence_teacher": [
            [
                0.0
            ],
            [
                1.3952338098650783e-06
            ]
        ]
    }
}