{
    "teacher_likelihood_means": {
        "antiair_teacher": [
            [
                0.35706131468580726
            ],
            [
                0.33332591450917987
            ]
        ],
        "attack_teacher": [
            [
                0.6429386853141928
            ],
            [
                0.6666740854908202
            ]
        ],
        "defence_teacher": [
            [
                0.0
            ],
            [
                0.0
            ]
        ]
    },
    "teacher_likelihood_stds": {
        "antiair_teacher": [
            [
                0.0001553729100902449
            ],
            [
                3.7093707972851408e-06
            ]
        ],
        "attack_teacher": [
            [
                0.0001553729100902443
            ],
            [
                3.7093707972893484e-06
            ]
        ],
        "defence_teacher": [
            [
                0.0
            ],
            [
                0.0
            ]
        ]
    }
}