{
    "teacher_likelihood_means": {
        "antiair_teacher": [
            [
                0.39094017192161334
            ],
            [
                0.39094017192161334
            ]
        ],
        "attack_teacher": [
            [
                0.4154504948992363
            ],
            [
                0.4154504948992363
            ]
        ],
        "defence_teacher": [
            [
                0.19360933317915033
            ],
            [
                0.19360933317915033
            ]
        ]
    },
    "teacher_likelihood_stds": {
        "antiair_teacher": [
            [
                0.0001976243056260948
            ],
            [
                0.0001976243056260948
            ]
        ],
        "attack_teacher": [
            [
                0.0005817886152927491
            ],
            [
                0.0005817886152927491
            ]
        ],
        "defence_teacher": [
            [
                0.0003869822398357951
            ],
            [
                0.0003869822398357951
            ]
        ]
    }
}