{
    "teacher_likelihood_means": {
        "antiair_teacher": [
            [
                0.2269564139625712
            ],
            [
                0.0
            ]
        ],
        "attack_teacher": [
            [
                0.6234902735474767
            ],
            [
                0.6206941725458729
            ]
        ],
        "defence_teacher": [
            [
                0.14955331248995224
            ],
            [
                0.378967803764594
            ]
        ]
    },
    "teacher_likelihood_stds": {
        "antiair_teacher": [
            [
                0.0002722342076027821
            ],
            [
                0.0
            ]
        ],
        "attack_teacher": [
            [
                0.0006390448027280949
            ],
            [
                0.0002437821754837994
            ]
        ],
        "defence_teacher": [
            [
                0.00038851502517700314
            ],
            [
                0.00022906539296712846
            ]
        ]
    }
}