{
    "teacher_likelihood_means": {
        "antiair_teacher": [
            [
                0.399691412182563
            ],
            [
                0.399691412182563
            ]
        ],
        "attack_teacher": [
            [
                0.600308587817437
            ],
            [
                0.600308587817437
            ]
        ],
        "defence_teacher": [
            [
                0.0
            ],
            [
                0.0
            ]
        ]
    },
    "teacher_likelihood_stds": {
        "antiair_teacher": [
            [
                1.9309604688481993e-05
            ],
            [
                1.9309604688481993e-05
            ]
        ],
        "attack_teacher": [
            [
                1.930960468848178e-05
            ],
            [
                1.930960468848178e-05
            ]
        ],
        "defence_teacher": [
            [
                0.0
            ],
            [
                0.0
            ]
        ]
    }
}