{
    "teacher_likelihood_means": {
        "antiair_teacher": [
            [
                0.27612596287100505
            ],
            [
                0.20080563143329594
            ]
        ],
        "attack_teacher": [
            [
                0.723874037128995
            ],
            [
                0.7991943685667041
            ]
        ],
        "defence_teacher": [
            [
                0.0
            ],
            [
                0.0
            ]
        ]
    },
    "teacher_likelihood_stds": {
        "antiair_teacher": [
            [
                0.0002582022410257775
            ],
            [
                2.489316789601226e-05
            ]
        ],
        "attack_teacher": [
            [
                0.00025820224102577716
            ],
            [
                2.4893167896014705e-05
            ]
        ],
        "defence_teacher": [
            [
                0.0
            ],
            [
                0.0
            ]
        ]
    }
}