{
    "teacher_likelihood_means": {
        "antiair_teacher": [
            [
                0.33281902030427163
            ],
            [
                0.33281902030427163
            ]
        ],
        "attack_teacher": [
            [
                0.6671809796957283
            ],
            [
                0.6671809796957283
            ]
        ],
        "defence_teacher": [
            [
                0.0
            ],
            [
                0.0
            ]
        ]
    },
    "teacher_likelihood_stds": {
        "antiair_teacher": [
            [
                3.2182674480803326e-05
            ],
            [
                3.2182674480803326e-05
            ]
        ],
        "attack_teacher": [
            [
                3.218267448080297e-05
            ],
            [
                3.218267448080297e-05
            ]
        ],
        "defence_teacher": [
            [
                0.0
            ],
            [
                0.0
            ]
        ]
    }
}