{
    "teacher_likelihood_means": {
        "antiair_teacher": [
            [
                0.3755851392028753
            ],
            [
                0.0
            ]
        ],
        "attack_teacher": [
            [
                0.4377165267495329
            ],
            [
                0.6887647188042183
            ]
        ],
        "defence_teacher": [
            [
                0.18669833404759187
            ],
            [
                0.3107307911566809
            ]
        ]
    },
    "teacher_likelihood_stds": {
        "antiair_teacher": [
            [
                0.00040136203089889385
            ],
            [
                0.0
            ]
        ],
        "attack_teacher": [
            [
                0.0007346785290672945
            ],
            [
                0.00019298315668400134
            ]
        ],
        "defence_teacher": [
            [
                0.00034149117836795823
            ],
            [
                0.00016891019879574322
            ]
        ]
    }
}