{
    "results_before_imitation": {
        "rewards": [
            0.850932,
            0.850932,
            0.42236,
            0.42236,
            2.173913,
            2.173913,
            0.248447,
            0.248447,
            -0.037267,
            -0.037267,
            1.540373,
            1.540373,
            1.248447,
            1.248447,
            2.875776,
            2.875776,
            1.453416,
            1.453416,
            2.732919,
            2.732919,
            -0.055901,
            -0.055901,
            0.863354,
            0.863354,
            2.130435,
            2.130435,
            0.440994,
            0.440994,
            0.118012,
            0.118012,
            0.236025,
            0.236025,
            -0.180124,
            -0.180124,
            2.838509,
            2.838509,
            0.192547,
            0.192547,
            2.223602,
            2.223602,
            0.378882,
            0.378882,
            1.180124,
            1.180124,
            0.403727,
            0.403727,
            3.546584,
            3.546584,
            0.049689,
            0.049689,
            1.428571,
            1.428571,
            3.416149,
            3.416149,
            -0.068323,
            -0.068323,
            -0.751553,
            -0.751553,
            2.161491,
            2.161491,
            -0.031056,
            -0.031056,
            0.21118,
            0.21118,
            2.142857,
            2.142857,
            1.950311,
            1.950311,
            0.913043,
            0.913043,
            1.832298,
            1.832298,
            1.310559,
            1.310559,
            0.142857,
            0.142857,
            1.78882,
            1.78882,
            2.590062,
            2.590062,
            1.434783,
            1.434783,
            -0.782609,
            -0.782609,
            -1.068323,
            -1.068323,
            1.037267,
            1.037267,
            0.795031,
            0.795031,
            1.63354,
            1.63354,
            0.546584,
            0.546584,
            -0.204969,
            -0.204969,
            -0.229814,
            -0.229814,
            1.310559,
            1.310559
        ],
        "ep_lens": [
            2720,
            2720,
            4802,
            4802,
            4411,
            4411,
            2512,
            2512,
            2011,
            2011,
            2440,
            2440,
            2532,
            2532,
            3383,
            3383,
            5004,
            5004,
            4173,
            4173,
            3078,
            3078,
            4597,
            4597,
            4732,
            4732,
            5547,
            5547,
            3173,
            3173,
            2002,
            2002,
            1402,
            1402,
            4249,
            4249,
            3682,
            3682,
            3592,
            3592,
            3309,
            3309,
            4867,
            4867,
            1499,
            1499,
            2799,
            2799,
            2756,
            2756,
            3683,
            3683,
            2782,
            2782,
            3027,
            3027,
            2208,
            2208,
            4793,
            4793,
            2377,
            2377,
            1830,
            1830,
            4354,
            4354,
            4417,
            4417,
            2743,
            2743,
            5147,
            5147,
            5497,
            5497,
            2299,
            2299,
            2124,
            2124,
            5140,
            5140,
            2022,
            2022,
            1004,
            1004,
            1988,
            1988,
            3394,
            3394,
            3604,
            3604,
            6605,
            6605,
            3248,
            3248,
            2026,
            2026,
            1234,
            1234,
            3003,
            3003
        ],
        "stages": [
            1.0,
            1.0,
            3.0,
            3.0,
            3.0,
            3.0,
            0.0,
            0.0,
            0.0,
            0.0,
            2.0,
            2.0,
            1.0,
            1.0,
            4.0,
            4.0,
            3.0,
            3.0,
            3.0,
            3.0,
            1.0,
            1.0,
            3.0,
            3.0,
            3.0,
            3.0,
            4.0,
            4.0,
            2.0,
            2.0,
            0.0,
            0.0,
            0.0,
            0.0,
            4.0,
            4.0,
            2.0,
            2.0,
            4.0,
            4.0,
            1.0,
            1.0,
            3.0,
            3.0,
            1.0,
            1.0,
            3.0,
            3.0,
            1.0,
            1.0,
            2.0,
            2.0,
            3.0,
            3.0,
            2.0,
            2.0,
            0.0,
            0.0,
            4.0,
            4.0,
            0.0,
            0.0,
            0.0,
            0.0,
            3.0,
            3.0,
            3.0,
            3.0,
            1.0,
            1.0,
            4.0,
            4.0,
            3.0,
            3.0,
            0.0,
            0.0,
            1.0,
            1.0,
            3.0,
            3.0,
            1.0,
            1.0,
            0.0,
            0.0,
            1.0,
            1.0,
            2.0,
            2.0,
            2.0,
            2.0,
            3.0,
            3.0,
            2.0,
            2.0,
            1.0,
            1.0,
            0.0,
            0.0,
            2.0,
            2.0
        ],
        "arcade": [
            0.0,
            0.0,
            0.0,
            0.0,
            0.0,
            0.0,
            0.0,
            0.0,
            0.0,
            0.0,
            0.0,
            0.0,
            0.0,
            0.0,
            0.0,
            0.0,
            0.0,
            0.0,
            0.0,
            0.0,
            0.0,
            0.0,
            0.0,
            0.0,
            0.0,
            0.0,
            0.0,
            0.0,
            0.0,
            0.0,
            0.0,
            0.0,
            0.0,
            0.0,
            0.0,
            0.0,
            0.0,
            0.0,
            0.0,
            0.0,
            0.0,
            0.0,
            0.0,
            0.0,
            0.0,
            0.0,
            0.0,
            0.0,
            0.0,
            0.0,
            0.0,
            0.0,
            0.0,
            0.0,
            0.0,
            0.0,
            0.0,
            0.0,
            0.0,
            0.0,
            0.0,
            0.0,
            0.0,
            0.0,
            0.0,
            0.0,
            0.0,
            0.0,
            0.0,
            0.0,
            0.0,
            0.0,
            0.0,
            0.0,
            0.0,
            0.0,
            0.0,
            0.0,
            0.0,
            0.0,
            0.0,
            0.0,
            0.0,
            0.0,
            0.0,
            0.0,
            0.0,
            0.0,
            0.0,
            0.0,
            0.0,
            0.0,
            0.0,
            0.0,
            0.0,
            0.0,
            0.0,
            0.0,
            0.0,
            0.0
        ]
    },