{
    "results_before_imitation": {
        "rewards": [
            0.850932,
            3.639752,
            1.540373,
            0.42236,
            3.521739,
            0.055901,
            -0.726708,
            0.552795,
            -0.31677,
            0.509317,
            1.043478,
            1.42236,
            1.055901,
            0.273292,
            1.68323,
            0.397516,
            2.229814,
            1.037267,
            -0.173913,
            0.149068,
            0.248447,
            1.720497,
            1.503106,
            1.024845,
            0.776398,
            0.621118,
            3.335404,
            2.63354,
            0.875776,
            1.136646,
            1.291925,
            -0.242236,
            4.142857,
            -0.26087,
            1.757764,
            0.720497,
            0.409938,
            -0.391304,
            1.950311,
            1.403727,
            0.142857,
            0.832298,
            2.465839,
            -0.490683,
            -0.335404,
            1.63354,
            0.962733,
            0.981366,
            -0.068323,
            0.757764,
            -0.310559,
            1.906832,
            1.962733,
            -0.093168,
            1.279503,
            -0.621118,
            0.900621,
            -0.167702,
            1.372671,
            1.416149,
            2.409938,
            0.248447,
            0.26087,
            1.31677,
            0.950311,
            1.540373,
            1.614907,
            0.031056,
            1.099379,
            1.024845,
            1.086957,
            0.242236,
            0.118012,
            1.751553,
            2.124224,
            2.142857,
            0.645963,
            0.981366,
            0.279503,
            1.236025,
            0.242236,
            -0.515528,
            0.695652,
            0.89441,
            -0.279503,
            -0.857143,
            1.391304,
            -0.093168,
            4.21118,
            0.962733,
            1.689441,
            1.863354,
            -0.447205,
            -0.10559,
            3.012422,
            -0.118012,
            0.745342,
            0.42236,
            0.279503,
            1.304348
        ],
        "ep_lens": [
            2720,
            2803,
            4493,
            4802,
            2651,
            3380,
            2078,
            1947,
            1790,
            2096,
            3971,
            2847,
            3918,
            3257,
            4903,
            1926,
            3385,
            3312,
            2340,
            4749,
            1759,
            3587,
            2653,
            2690,
            3760,
            1878,
            4021,
            4413,
            4458,
            2320,
            3412,
            3406,
            4391,
            4703,
            2690,
            2442,
            2897,
            2641,
            3893,
            2678,
            4890,
            3966,
            5672,
            1507,
            2431,
            4521,
            5420,
            2025,
            2049,
            3916,
            1804,
            3695,
            4965,
            1760,
            4660,
            2670,
            3327,
            2687,
            2099,
            5325,
            4359,
            4320,
            2712,
            1702,
            3945,
            3218,
            2632,
            2100,
            4215,
            2317,
            2174,
            2486,
            1972,
            3700,
            6251,
            5981,
            3352,
            3871,
            2966,
            3271,
            2456,
            1581,
            2577,
            3552,
            2283,
            2910,
            2187,
            5780,
            2589,
            4002,
            4092,
            2672,
            2120,
            1751,
            3487,
            4999,
            2772,
            1732,
            2649,
            5944
        ],
        "stages": [
            1.0,
            3.0,
            2.0,
            3.0,
            3.0,
            1.0,
            0.0,
            1.0,
            1.0,
            0.0,
            2.0,
            2.0,
            2.0,
            1.0,
            3.0,
            1.0,
            2.0,
            2.0,
            1.0,
            3.0,
            1.0,
            2.0,
            2.0,
            2.0,
            2.0,
            1.0,
            4.0,
            2.0,
            2.0,
            1.0,
            2.0,
            1.0,
            5.0,
            2.0,
            2.0,
            1.0,
            1.0,
            0.0,
            3.0,
            1.0,
            2.0,
            1.0,
            3.0,
            0.0,
            0.0,
            3.0,
            3.0,
            1.0,
            0.0,
            2.0,
            1.0,
            3.0,
            3.0,
            0.0,
            3.0,
            0.0,
            3.0,
            1.0,
            1.0,
            3.0,
            4.0,
            3.0,
            1.0,
            1.0,
            3.0,
            2.0,
            2.0,
            1.0,
            2.0,
            2.0,
            1.0,
            1.0,
            0.0,
            2.0,
            3.0,
            4.0,
            2.0,
            2.0,
            1.0,
            3.0,
            1.0,
            0.0,
            1.0,
            2.0,
            0.0,
            2.0,
            2.0,
            3.0,
            3.0,
            2.0,
            2.0,
            1.0,
            0.0,
            0.0,
            3.0,
            2.0,
            1.0,
            1.0,
            1.0,
            3.0
        ],
        "arcade": [
            0.0,
            0.0,
            0.0,
            0.0,
            0.0,
            0.0,
            0.0,
            0.0,
            0.0,
            0.0,
            0.0,
            0.0,
            0.0,
            0.0,
            0.0,
            0.0,
            0.0,
            0.0,
            0.0,
            0.0,
            0.0,
            0.0,
            0.0,
            0.0,
            0.0,
            0.0,
            0.0,
            0.0,
            0.0,
            0.0,
            0.0,
            0.0,
            0.0,
            0.0,
            0.0,
            0.0,
            0.0,
            0.0,
            0.0,
            0.0,
            0.0,
            0.0,
            0.0,
            0.0,
            0.0,
            0.0,
            0.0,
            0.0,
            0.0,
            0.0,
            0.0,
            0.0,
            0.0,
            0.0,
            0.0,
            0.0,
            0.0,
            0.0,
            0.0,
            0.0,
            0.0,
            0.0,
            0.0,
            0.0,
            0.0,
            0.0,
            0.0,
            0.0,
            0.0,
            0.0,
            0.0,
            0.0,
            0.0,
            0.0,
            0.0,
            0.0,
            0.0,
            0.0,
            0.0,
            0.0,
            0.0,
            0.0,
            0.0,
            0.0,
            0.0,
            0.0,
            0.0,
            0.0,
            0.0,
            0.0,
            0.0,
            0.0,
            0.0,
            0.0,
            0.0,
            0.0,
            0.0,
            0.0,
            0.0,
            0.0
        ]
    },