{
    "teacher_likelihood_scores": {
        "antiair_teacher": [
            [
                2590.0
            ],
            [
                0.0
            ]
        ],
        "attack_teacher": [
            [
                318305.0
            ],
            [
                318616.0
            ]
        ],
        "defence_teacher": [
            [
                1780.0
            ],
            [
                4002.0
            ]
        ]
    },
    "teacher_likelihood_means": {
        "antiair_teacher": [
            [
                0.008026652204230263
            ],
            [
                0.0
            ]
        ],
        "attack_teacher": [
            [
                0.9864569613388084
            ],
            [
                0.9874207794220191
            ]
        ],
        "defence_teacher": [
            [
                0.005516386456961338
            ],
            [
                0.012402572247617571
            ]
        ]
    },
    "teacher_likelihood_stds": {
        "antiair_teacher": [
            [
                0.00015708494531722884
            ],
            [
                0.0
            ]
        ],
        "attack_teacher": [
            [
                0.0002034765993278999
            ],
            [
                0.00019619834430492072
            ]
        ],
        "defence_teacher": [
            [
                0.0001303897636704499
            ],
            [
                0.00019483330538634032
            ]
        ]
    }
}