{
    "results_before_imitation": {
        "rewards": [
            -0.428571,
            0.850932,
            0.018634,
            0.42236,
            1.677019,
            0.198758,
            2.173913,
            1.043478,
            -0.037267,
            1.335404,
            1.248447,
            1.440994,
            2.018634,
            0.900621,
            0.956522,
            2.080745,
            1.453416,
            0.782609,
            0.173913,
            -0.055901,
            3.136646,
            0.863354,
            -1.223602,
            -0.838509,
            2.15528,
            4.440994,
            2.130435,
            0.795031,
            0.453416,
            1.987578,
            1.708075,
            1.993789,
            1.273292,
            2.714286,
            0.57764,
            1.888199,
            0.21118,
            1.639752,
            1.714286,
            0.63354,
            1.378882,
            2.31677,
            1.329193,
            0.453416,
            -0.459627,
            -0.142857,
            1.229814,
            1.378882,
            3.111801,
            0.254658,
            -0.509317,
            1.031056,
            2.024845,
            0.080745,
            1.925466,
            0.931677,
            1.521739,
            1.701863,
            0.068323,
            3.627329,
            2.024845,
            2.223602,
            1.776398,
            1.329193,
            2.347826,
            -1.304348,
            0.813665,
            0.52795,
            0.652174,
            0.515528,
            2.459627,
            1.142857,
            1.428571,
            0.52795,
            1.074534,
            -0.776398,
            -0.745342,
            -0.031056,
            2.062112,
            1.670807,
            -0.416149,
            0.720497,
            0.503106,
            -0.248447,
            0.565217,
            -0.409938,
            1.782609,
            1.217391,
            1.608696,
            2.888199,
            0.10559,
            -0.919255,
            1.403727,
            0.962733,
            -1.124224,
            1.086957,
            0.677019,
            3.229814,
            0.186335,
            -0.335404
        ],
        "ep_lens": [
            1452,
            2720,
            3318,
            4802,
            3451,
            2065,
            4411,
            3971,
            2011,
            6075,
            2532,
            4772,
            4020,
            2038,
            4963,
            2703,
            5004,
            3532,
            5587,
            3078,
            3287,
            2306,
            1274,
            2104,
            4696,
            3103,
            4732,
            2520,
            1993,
            4447,
            3610,
            2846,
            4480,
            1971,
            1978,
            2292,
            2506,
            4077,
            1999,
            2094,
            3492,
            3164,
            2818,
            2326,
            2175,
            2871,
            1694,
            1155,
            4537,
            2820,
            3818,
            4289,
            2402,
            2709,
            5496,
            2300,
            3514,
            3932,
            3890,
            2828,
            3460,
            4855,
            3192,
            2525,
            3824,
            5612,
            2004,
            4103,
            3903,
            4668,
            1981,
            1522,
            4339,
            1796,
            1990,
            817,
            2152,
            2362,
            2918,
            4459,
            1594,
            2687,
            2360,
            1856,
            4380,
            2635,
            4056,
            1704,
            5423,
            3042,
            2272,
            1586,
            2774,
            2902,
            2389,
            2117,
            3687,
            4784,
            3224,
            3279
        ],
        "stages": [
            0.0,
            1.0,
            1.0,
            3.0,
            2.0,
            1.0,
            3.0,
            2.0,
            0.0,
            4.0,
            1.0,
            4.0,
            4.0,
            1.0,
            2.0,
            1.0,
            3.0,
            2.0,
            4.0,
            1.0,
            4.0,
            1.0,
            0.0,
            0.0,
            3.0,
            4.0,
            3.0,
            1.0,
            1.0,
            3.0,
            2.0,
            2.0,
            3.0,
            2.0,
            1.0,
            2.0,
            0.0,
            2.0,
            1.0,
            1.0,
            2.0,
            2.0,
            1.0,
            1.0,
            0.0,
            1.0,
            1.0,
            1.0,
            4.0,
            1.0,
            2.0,
            3.0,
            2.0,
            1.0,
            4.0,
            1.0,
            2.0,
            3.0,
            2.0,
            3.0,
            3.0,
            4.0,
            3.0,
            2.0,
            3.0,
            3.0,
            1.0,
            2.0,
            2.0,
            3.0,
            2.0,
            1.0,
            3.0,
            1.0,
            1.0,
            0.0,
            0.0,
            1.0,
            2.0,
            3.0,
            0.0,
            1.0,
            1.0,
            0.0,
            1.0,
            1.0,
            3.0,
            1.0,
            3.0,
            2.0,
            0.0,
            0.0,
            2.0,
            2.0,
            1.0,
            1.0,
            2.0,
            5.0,
            2.0,
            1.0
        ],
        "arcade": [
            0.0,
            0.0,
            0.0,
            0.0,
            0.0,
            0.0,
            0.0,
            0.0,
            0.0,
            0.0,
            0.0,
            0.0,
            0.0,
            0.0,
            0.0,
            0.0,
            0.0,
            0.0,
            0.0,
            0.0,
            0.0,
            0.0,
            0.0,
            0.0,
            0.0,
            0.0,
            0.0,
            0.0,
            0.0,
            0.0,
            0.0,
            0.0,
            0.0,
            0.0,
            0.0,
            0.0,
            0.0,
            0.0,
            0.0,
            0.0,
            0.0,
            0.0,
            0.0,
            0.0,
            0.0,
            0.0,
            0.0,
            0.0,
            0.0,
            0.0,
            0.0,
            0.0,
            0.0,
            0.0,
            0.0,
            0.0,
            0.0,
            0.0,
            0.0,
            0.0,
            0.0,
            0.0,
            0.0,
            0.0,
            0.0,
            0.0,
            0.0,
            0.0,
            0.0,
            0.0,
            0.0,
            0.0,
            0.0,
            0.0,
            0.0,
            0.0,
            0.0,
            0.0,
            0.0,
            0.0,
            0.0,
            0.0,
            0.0,
            0.0,
            0.0,
            0.0,
            0.0,
            0.0,
            0.0,
            0.0,
            0.0,
            0.0,
            0.0,
            0.0,
            0.0,
            0.0,
            0.0,
            0.0,
            0.0,
            0.0
        ]
    },