{
    "0": {
        "0": {
            "mean_rwd": -3.995031,
            "std_rwd": 0.009938000000000002
        }
    }
}