{
    "0": {
        "Model: sb3/ppo_agents/sf3_ryu_bc_easy/model/seed_0/char_transfer/10000000.zip, Chars: 1": {
            "mean_reward": 2.036956525,
            "std_reward": 0.854461775748014,
            "mean_stages": 3.15,
            "std_stages": 0.5937171043518958,
            "mean_arcade_runs": 0.0,
            "std_arcade_runs": 0.0
        },
        "Model: sb3/ppo_agents/sf3_ryu_bc_easy/model/seed_0/char_transfer/15000000.zip, Chars: 2": {
            "mean_reward": 2.0896738875,
            "std_reward": 1.1089658424044277,
            "mean_stages": 2.95,
            "std_stages": 0.3262468905280223,
            "mean_arcade_runs": 0.0,
            "std_arcade_runs": 0.0
        },
        "Model: sb3/ppo_agents/sf3_ryu_bc_easy/model/seed_0/char_transfer/20000000.zip, Chars: 3": {
            "mean_reward": 1.6468426333333335,
            "std_reward": 0.8959389488651291,
            "mean_stages": 2.558333333333333,
            "std_stages": 0.31086113076534,
            "mean_arcade_runs": 0.0,
            "std_arcade_runs": 0.0
        },
        "Model: sb3/ppo_agents/sf3_ryu_bc_easy/model/seed_0/char_transfer/25000000.zip, Chars: 4": {
            "mean_reward": 2.41937113125,
            "std_reward": 1.1580415506168826,
            "mean_stages": 3.2249999999999996,
            "std_stages": 0.32701833099324756,
            "mean_arcade_runs": 0.0,
            "std_arcade_runs": 0.0
        }
    }
}