{
    "teacher_likelihood_scores": {
        "antiair_teacher": [
            [
                95717.0
            ],
            [
                0.0
            ]
        ],
        "attack_teacher": [
            [
                203072.0
            ],
            [
                298789.0
            ]
        ],
        "defence_teacher": [
            [
                0.0
            ],
            [
                0.0
            ]
        ]
    },
    "teacher_likelihood_means": {
        "antiair_teacher": [
            [
                0.3203498120747417
            ],
            [
                0.0
            ]
        ],
        "attack_teacher": [
            [
                0.6796501879252583
            ],
            [
                1.0
            ]
        ],
        "defence_teacher": [
            [
                0.0
            ],
            [
                0.0
            ]
        ]
    },
    "teacher_likelihood_stds": {
        "antiair_teacher": [
            [
                0.000853635868211512
            ],
            [
                0.0
            ]
        ],
        "attack_teacher": [
            [
                0.0008536358682115118
            ],
            [
                0.0
            ]
        ],
        "defence_teacher": [
            [
                0.0
            ],
            [
                0.0
            ]
        ]
    }
}