{
    "0": {
        "Model: sb3/ppo_agents/sf3_ryu_bc_easy/model/seed_0/game_transfer/20000000.zip, Games: ['sfiii3n']": {
            "mean_reward": 0.6807065312499999,
            "std_reward": 0.9246215492404735,
            "mean_stages": 1.4895833333333335,
            "std_stages": 0.1883660554169284,
            "mean_arcade_runs": 0.0,
            "std_arcade_runs": 0.0
        },
        "Model: sb3/ppo_agents/sf3_ryu_bc_easy/model/seed_0/game_transfer/20000000.zip, Games: ['kof98umh']": {
            "mean_reward": -0.9905381875000002,
            "std_reward": 0.19469745189194143,
            "mean_stages": 0.0,
            "std_stages": 0.0,
            "mean_arcade_runs": 0.0,
            "std_arcade_runs": 0.0
        },
        "Model: sb3/ppo_agents/sf3_ryu_bc_easy/model/seed_0/game_transfer/20000000.zip, Games: ['umk3']": {
            "mean_reward": -0.40501590277777777,
            "std_reward": 0.1151949285862671,
            "mean_stages": 0.003472222222222222,
            "std_stages": 0.009186636496752049,
            "mean_arcade_runs": 0.0,
            "std_arcade_runs": 0.0
        },
        "Model: sb3/ppo_agents/sf3_ryu_bc_easy/model/seed_0/game_transfer/20000000.zip, Games: ['samsh5sp']": {
            "mean_reward": 0.656375,
            "std_reward": 0.42139098160141014,
            "mean_stages": 0.6614583333333334,
            "std_stages": 0.05487319662944134,
            "mean_arcade_runs": 0.0,
            "std_arcade_runs": 0.0
        }
    }
}