{
    "1": {
        "mean_rwd": -3.9925466,
        "std_rwd": 0.014906799999999977
    },
    "2": {
        "mean_rwd": -3.6248447999999995,
        "std_rwd": 0.18008600740912659
    },
    "3": {
        "mean_rwd": -3.2919252,
        "std_rwd": 0.4983829621338996
    },
    "4": {
        "mean_rwd": -3.7192546,
        "std_rwd": 0.02897355406987546
    },
    "5": {
        "mean_rwd": -3.7689442,
        "std_rwd": 0.2586240518067877
    }
}