{
    "teacher_likelihood_scores": {
        "antiair_teacher": [
            [
                165014.0
            ],
            [
                165014.0
            ]
        ],
        "attack_teacher": [
            [
                255.0
            ],
            [
                255.0
            ]
        ],
        "defence_teacher": [
            [
                0.0
            ],
            [
                0.0
            ]
        ]
    },
    "teacher_likelihood_means": {
        "antiair_teacher": [
            [
                0.9984570609128148
            ],
            [
                0.9984570609128148
            ]
        ],
        "attack_teacher": [
            [
                0.0015429390871851344
            ],
            [
                0.0015429390871851344
            ]
        ],
        "defence_teacher": [
            [
                0.0
            ],
            [
                0.0
            ]
        ]
    },
    "teacher_likelihood_stds": {
        "antiair_teacher": [
            [
                9.654802344240997e-05
            ],
            [
                9.654802344240997e-05
            ]
        ],
        "attack_teacher": [
            [
                9.65480234424089e-05
            ],
            [
                9.65480234424089e-05
            ]
        ],
        "defence_teacher": [
            [
                0.0
            ],
            [
                0.0
            ]
        ]
    }
}